car_ID,CarName,wheelbase,carlength,carwidth,carheight,enginesize,boreratio,stroke,compressionratio,horsepower,peakrpm,citympg,price,symboling_-1,symboling_0,symboling_1,symboling_2,symboling_3,fueltype_gas,aspiration_turbo,doornumber_two,carbody_hardtop,carbody_hatchback,carbody_sedan,carbody_wagon,drivewheel_fwd,drivewheel_rwd,enginelocation_rear,enginetype_dohcv,enginetype_l,enginetype_ohc,enginetype_ohcf,enginetype_ohcv,enginetype_rotor,cylindernumber_five,cylindernumber_four,cylindernumber_six,cylindernumber_three,cylindernumber_twelve,cylindernumber_two,fuelsystem_2bbl,fuelsystem_4bbl,fuelsystem_idi,fuelsystem_mfi,fuelsystem_mpfi,fuelsystem_spdi,fuelsystem_spfi
1,alfa-romero giulia,0.0583090379008748,0.4134328358208958,0.3166666666666664,0.0833333333333334,0.260377358490566,0.6642857142857144,0.2904761904761905,0.125,0.2624999999999999,0.346938775510204,0.2222222222222221,0.2079588898267216,False,False,False,False,True,True,False,True,False,False,False,False,False,True,False,False,False,False,False,False,False,False,True,False,False,False,False,False,False,False,False,True,False,False
2,alfa-romero stelvio,0.0583090379008748,0.4134328358208958,0.3166666666666664,0.0833333333333334,0.260377358490566,0.6642857142857144,0.2904761904761905,0.125,0.2624999999999999,0.346938775510204,0.2222222222222221,0.2825579663373219,False,False,False,False,True,True,False,True,False,False,False,False,False,True,False,False,False,False,False,False,False,False,True,False,False,False,False,False,False,False,False,True,False,False
3,alfa-romero Quadrifoglio,0.230320699708455,0.4492537313432834,0.4333333333333335,0.3833333333333333,0.3433962264150943,0.1,0.6666666666666667,0.125,0.4416666666666666,0.346938775510204,0.1666666666666666,0.2825579663373219,False,False,True,False,False,True,False,True,False,True,False,False,False,True,False,False,False,False,False,True,False,False,False,True,False,False,False,False,False,False,False,True,False,False
4,audi 100 ls,0.3848396501457727,0.5298507462686568,0.4916666666666671,0.5416666666666665,0.1811320754716981,0.4642857142857142,0.6333333333333333,0.1875,0.2249999999999999,0.5510204081632655,0.3055555555555555,0.2192542574847326,False,False,False,True,False,True,False,False,False,False,True,False,True,False,False,False,False,True,False,False,False,False,True,False,False,False,False,False,False,False,False,True,False,False
5,audi 100ls,0.3731778425655978,0.5298507462686568,0.5083333333333337,0.5416666666666665,0.2830188679245283,0.4642857142857142,0.6333333333333333,0.0625,0.2791666666666667,0.5510204081632655,0.1388888888888889,0.3061417010078943,False,False,False,True,False,True,False,False,False,False,True,False,False,False,False,False,False,True,False,False,False,True,False,False,False,False,False,False,False,False,False,True,False,False
6,audi fox,0.3848396501457727,0.5402985074626869,0.5,0.4416666666666669,0.2830188679245283,0.4642857142857142,0.6333333333333333,0.09375,0.2583333333333333,0.5510204081632655,0.1666666666666666,0.2515267365076212,False,False,False,True,False,True,False,True,False,False,True,False,True,False,False,False,False,True,False,False,False,True,False,False,False,False,False,False,False,False,False,True,False,False
7,audi 100ls,0.5597667638483963,0.770149253731343,0.9250000000000008,0.6583333333333337,0.2830188679245283,0.4642857142857142,0.6333333333333333,0.09375,0.2583333333333333,0.5510204081632655,0.1666666666666666,0.3125961968124721,False,False,True,False,False,True,False,False,False,False,True,False,True,False,False,False,False,True,False,False,False,True,False,False,False,False,False,False,False,False,False,True,False,False
8,audi 5000,0.5597667638483963,0.770149253731343,0.9250000000000008,0.6583333333333337,0.2830188679245283,0.4642857142857142,0.6333333333333333,0.09375,0.2583333333333333,0.5510204081632655,0.1666666666666666,0.3426344272876223,False,False,True,False,False,True,False,False,False,False,False,True,True,False,False,False,False,True,False,False,False,True,False,False,False,False,False,False,False,False,False,True,False,False
9,audi 4000,0.5597667638483963,0.770149253731343,0.9250000000000008,0.6750000000000003,0.2641509433962264,0.4214285714285715,0.6333333333333333,0.08125,0.3833333333333333,0.5510204081632655,0.1111111111111111,0.4656422223325555,False,False,True,False,False,True,True,False,False,False,True,False,True,False,False,False,False,True,False,False,False,True,False,False,False,False,False,False,False,False,False,True,False,False
10,audi 5000s (diesel),0.3760932944606416,0.553731343283582,0.6333333333333337,0.3500000000000001,0.2641509433962264,0.4214285714285715,0.6333333333333333,0.0,0.4666666666666666,0.5510204081632655,0.0833333333333333,0.3162992651804777,False,True,False,False,False,True,True,True,False,True,False,False,False,False,False,False,False,True,False,False,False,True,False,False,False,False,False,False,False,False,False,True,False,False
11,bmw 320i,0.425655976676385,0.5328358208955226,0.375,0.5416666666666665,0.1773584905660377,0.6857142857142857,0.3476190476190477,0.1125,0.2208333333333333,0.6734693877551019,0.2777777777777777,0.2808202174668586,False,False,False,True,False,True,False,True,False,False,True,False,False,True,False,False,False,True,False,False,False,False,True,False,False,False,False,False,False,False,False,True,False,False
12,bmw 320i,0.425655976676385,0.5328358208955226,0.375,0.5416666666666665,0.1773584905660377,0.6857142857142857,0.3476190476190477,0.1125,0.2208333333333333,0.6734693877551019,0.2777777777777777,0.2931085844794201,False,True,False,False,False,True,False,False,False,False,True,False,False,True,False,False,False,True,False,False,False,False,True,False,False,False,False,False,False,False,False,True,False,False
13,bmw x1,0.425655976676385,0.5328358208955226,0.375,0.5416666666666665,0.3886792452830188,0.55,0.5333333333333334,0.125,0.3041666666666666,0.0408163265306122,0.2222222222222221,0.3935256442083313,False,True,False,False,False,True,False,True,False,False,True,False,False,True,False,False,False,True,False,False,False,False,False,True,False,False,False,False,False,False,False,True,False,False
14,bmw x3,0.425655976676385,0.5328358208955226,0.375,0.5416666666666665,0.3886792452830188,0.55,0.5333333333333334,0.125,0.3041666666666666,0.0408163265306122,0.2222222222222221,0.396877017029939,False,True,False,False,False,True,False,False,False,False,True,False,False,True,False,False,False,True,False,False,False,False,False,True,False,False,False,False,False,False,False,True,False,False
15,bmw z4,0.4927113702623908,0.7149253731343284,0.5500000000000007,0.6583333333333337,0.3886792452830188,0.55,0.5333333333333334,0.125,0.3041666666666666,0.0408163265306122,0.1944444444444444,0.4827714611985502,False,False,True,False,False,True,False,False,False,False,True,False,False,True,False,False,False,True,False,False,False,False,False,True,False,False,False,False,False,False,False,True,False,False
16,bmw x4,0.4927113702623908,0.7149253731343284,0.5500000000000007,0.6583333333333337,0.558490566037736,0.7714285714285716,0.6285714285714288,0.0625,0.5583333333333333,0.5102040816326532,0.0833333333333333,0.6365622362345464,False,True,False,False,False,True,False,False,False,False,True,False,False,True,False,False,False,True,False,False,False,False,False,True,False,False,False,False,False,False,False,True,False,False
17,bmw x5,0.4927113702623908,0.7865671641791048,0.6333333333333337,0.4916666666666667,0.558490566037736,0.7714285714285716,0.6285714285714288,0.0625,0.5583333333333333,0.5102040816326532,0.0833333333333333,0.128518941462688,False,True,False,False,False,True,False,True,False,False,True,False,False,True,False,False,False,True,False,False,False,False,False,True,False,False,False,False,False,False,False,True,False,False
18,bmw x3,0.6822157434402332,0.8343283582089551,0.8833333333333337,0.7083333333333335,0.558490566037736,0.7714285714285716,0.6285714285714288,0.0625,0.5583333333333333,0.5102040816326532,0.0555555555555555,0.7884911374807606,False,True,False,False,False,True,False,False,False,False,True,False,False,True,False,False,False,True,False,False,False,False,False,True,False,False,False,False,False,False,False,True,False,False
19,chevrolet impala,0.0524781341107876,0.0,0.0,0.4500000000000006,0.0,0.2642857142857144,0.4571428571428571,0.15625,0.0,0.3877551020408163,0.3055555555555555,0.000819224467504,False,False,False,True,False,True,False,True,False,True,False,False,True,False,False,False,True,False,False,False,False,False,False,False,True,False,False,True,False,False,False,False,False,False
20,chevrolet monte carlo,0.230320699708455,0.2208955223880599,0.2750000000000003,0.3500000000000001,0.1094339622641509,0.3499999999999998,0.4952380952380952,0.1624999999999999,0.0916666666666666,0.5102040816326532,0.6944444444444444,0.029219006007646,False,False,True,False,False,True,False,True,False,True,False,False,True,False,False,False,False,True,False,False,False,False,True,False,False,False,False,True,False,False,False,False,False,False
21,chevrolet vega 2300,0.230320699708455,0.2641791044776123,0.2750000000000003,0.3500000000000001,0.1094339622641509,0.3499999999999998,0.4952380952380952,0.1624999999999999,0.0916666666666666,0.5102040816326532,0.6944444444444444,0.036170001489499,False,True,False,False,False,True,False,False,False,False,True,False,True,False,False,False,False,True,False,False,False,False,True,False,False,False,False,True,False,False,False,False,False,False
22,dodge rampage,0.2069970845481052,0.2417910447761198,0.2916666666666669,0.2499999999999995,0.1094339622641509,0.3071428571428571,0.5523809523809524,0.150625,0.0833333333333333,0.5510204081632655,0.6666666666666665,0.0112705426741472,False,False,True,False,False,True,False,True,False,True,False,False,True,False,False,False,False,True,False,False,False,False,True,False,False,False,False,True,False,False,False,False,False,False
23,dodge challenger se,0.2069970845481052,0.2417910447761198,0.2916666666666669,0.2499999999999995,0.1094339622641509,0.3071428571428571,0.5523809523809524,0.15,0.0833333333333333,0.5510204081632655,0.4999999999999999,0.0312546546844744,False,False,True,False,False,True,False,True,False,True,False,False,True,False,False,False,False,True,False,False,False,False,True,False,False,False,False,True,False,False,False,False,False,False
24,dodge d200,0.2069970845481052,0.2417910447761198,0.2916666666666669,0.2499999999999995,0.139622641509434,0.3499999999999998,0.6285714285714288,0.0374999999999999,0.2249999999999999,0.5510204081632655,0.3055555555555555,0.070478129189216,False,False,True,False,False,True,True,True,False,True,False,False,True,False,False,False,False,True,False,False,False,False,True,False,False,False,False,False,False,False,False,True,False,False
25,dodge monaco (sw),0.2069970845481052,0.2417910447761198,0.2916666666666669,0.2333333333333338,0.1094339622641509,0.3071428571428571,0.5523809523809524,0.15,0.0833333333333333,0.5510204081632655,0.4999999999999999,0.0275805570726379,False,False,True,False,False,True,False,False,False,True,False,False,True,False,False,False,False,True,False,False,False,False,True,False,False,False,False,True,False,False,False,False,False,False
26,dodge colt hardtop,0.2069970845481052,0.2417910447761198,0.2916666666666669,0.2333333333333338,0.1094339622641509,0.3071428571428571,0.5523809523809524,0.15,0.0833333333333333,0.5510204081632655,0.4999999999999999,0.0390745246015589,False,False,True,False,False,True,False,False,False,False,True,False,True,False,False,False,False,True,False,False,False,False,True,False,False,False,False,True,False,False,False,False,False,False
27,dodge colt (sw),0.2069970845481052,0.2417910447761198,0.2916666666666669,0.2333333333333338,0.1094339622641509,0.3071428571428571,0.5523809523809524,0.15,0.0833333333333333,0.5510204081632655,0.4999999999999999,0.0618390348046273,False,False,True,False,False,True,False,False,False,False,True,False,True,False,False,False,False,True,False,False,False,False,True,False,False,False,False,True,False,False,False,False,False,False
28,dodge coronet custom,0.2069970845481052,0.2417910447761198,0.2916666666666669,0.2333333333333338,0.139622641509434,0.3499999999999998,0.6285714285714288,0.0374999999999999,0.2249999999999999,0.5510204081632655,0.3055555555555555,0.085397944491336,False,False,True,False,False,True,True,True,False,False,True,False,True,False,False,False,False,True,False,False,False,False,True,False,False,False,False,False,False,False,False,True,False,False
29,dodge dart custom,0.4868804664723032,0.5,0.3583333333333334,0.9999999999999996,0.230188679245283,0.5714285714285714,0.661904761904762,0.09375,0.1666666666666666,0.346938775510204,0.3055555555555555,0.0944094136338811,True,False,False,False,False,True,False,False,False,False,False,True,True,False,False,False,False,True,False,False,False,False,True,False,False,False,False,True,False,False,False,False,False,False
30,dodge coronet custom (sw),0.2711370262390673,0.4791044776119402,0.5,0.2000000000000006,0.3584905660377358,0.7571428571428573,0.8714285714285714,0.0,0.4041666666666666,0.346938775510204,0.1666666666666666,0.1947768233950648,False,False,False,False,True,True,True,True,False,True,False,False,True,False,False,False,False,True,False,False,False,False,True,False,False,False,False,False,False,False,True,False,False,False
31,honda civic,0.0,0.0522388059701492,0.2999999999999998,0.2499999999999995,0.1169811320754716,0.2642857142857144,0.6380952380952383,0.1624999999999999,0.0416666666666666,0.2653061224489796,0.3055555555555555,0.033786803038578,False,False,False,True,False,True,False,True,False,True,False,False,True,False,False,False,False,True,False,False,False,False,True,False,False,False,False,False,False,False,False,False,False,False
32,honda civic cvcc,0.0,0.0522388059701492,0.2999999999999998,0.2499999999999995,0.1169811320754716,0.2642857142857144,0.6380952380952383,0.1374999999999999,0.1166666666666666,0.7551020408163265,0.4999999999999999,0.0431209969713519,False,False,False,True,False,True,False,True,False,True,False,False,True,False,False,False,False,True,False,False,False,False,True,False,False,False,False,False,False,False,False,False,False,False
33,honda civic,0.2069970845481052,0.1328358208955222,0.3083333333333335,0.3999999999999999,0.0679245283018867,0.2642857142857144,0.4761904761904763,0.1937499999999999,0.0499999999999999,0.5510204081632655,0.6944444444444444,0.0069758204657166,False,False,True,False,False,True,False,True,False,True,False,False,True,False,False,False,False,True,False,False,False,False,True,False,False,False,False,False,False,False,False,False,False,False
34,honda accord cvcc,0.2069970845481052,0.1328358208955222,0.3083333333333335,0.3999999999999999,0.1169811320754716,0.2642857142857144,0.6380952380952383,0.1374999999999999,0.1166666666666666,0.7551020408163265,0.4722222222222221,0.035028052231766,False,False,True,False,False,True,False,True,False,True,False,False,True,False,False,False,False,True,False,False,False,False,True,False,False,False,False,False,False,False,False,False,False,False
35,honda civic cvcc,0.2069970845481052,0.1328358208955222,0.3083333333333335,0.3999999999999999,0.1169811320754716,0.2642857142857144,0.6380952380952383,0.1374999999999999,0.1166666666666666,0.7551020408163265,0.4722222222222221,0.0499230425500223,False,False,True,False,False,True,False,True,False,True,False,False,True,False,False,False,False,True,False,False,False,False,True,False,False,False,False,False,False,False,False,False,False,False
36,honda accord lx,0.2886297376093294,0.3328358208955224,0.3083333333333335,0.5583333333333331,0.1169811320754716,0.2642857142857144,0.6380952380952383,0.1374999999999999,0.1166666666666666,0.7551020408163265,0.4722222222222221,0.0540439898714065,False,True,False,False,False,True,False,False,False,False,True,False,True,False,False,False,False,True,False,False,False,False,True,False,False,False,False,False,False,False,False,False,False,False
37,honda civic 1500 gl,0.2886297376093294,0.2388059701492535,0.2999999999999998,0.8749999999999996,0.1169811320754716,0.2714285714285716,0.6380952380952383,0.1374999999999999,0.1166666666666666,0.7551020408163265,0.4722222222222221,0.0540439898714065,False,True,False,False,False,True,False,False,False,False,False,True,True,False,False,False,False,True,False,False,False,False,True,False,False,False,False,False,False,False,False,False,False,False
38,honda accord,0.2886297376093294,0.3940298507462687,0.4083333333333341,0.4583333333333335,0.1849056603773585,0.4357142857142857,0.7190476190476192,0.125,0.1583333333333333,0.6734693877551019,0.3888888888888889,0.0689389801896628,False,True,False,False,False,True,False,True,False,True,False,False,True,False,False,False,False,True,False,False,False,False,True,False,False,False,False,False,False,False,False,False,False,False
39,honda civic 1300,0.2886297376093294,0.3940298507462687,0.4083333333333341,0.4583333333333335,0.1849056603773585,0.4357142857142857,0.7190476190476192,0.125,0.1583333333333333,0.6734693877551019,0.3888888888888889,0.0987289608261754,False,True,False,False,False,True,False,True,False,True,False,False,True,False,False,False,False,True,False,False,False,False,True,False,False,False,False,False,False,False,False,False,False,False
40,honda prelude,0.2886297376093294,0.5119402985074628,0.4083333333333341,0.5249999999999999,0.1849056603773585,0.4357142857142857,0.7190476190476192,0.125,0.1583333333333333,0.6734693877551019,0.3888888888888889,0.0925227148602353,False,True,False,False,False,True,False,False,False,False,True,False,True,False,False,False,False,True,False,False,False,False,True,False,False,False,False,False,False,False,False,False,False,False
41,honda accord,0.2886297376093294,0.5119402985074628,0.1833333333333335,0.5249999999999999,0.1849056603773585,0.4357142857142857,0.7190476190476192,0.125,0.1583333333333333,0.6734693877551019,0.3888888888888889,0.128518941462688,False,True,False,False,False,True,False,False,False,False,True,False,True,False,False,False,False,True,False,False,False,False,True,False,False,False,False,False,False,False,False,False,False,False
42,honda civic,0.2886297376093294,0.5119402985074628,0.4083333333333341,0.5249999999999999,0.1849056603773585,0.4357142857142857,0.7190476190476192,0.125,0.2208333333333333,0.6734693877551019,0.3055555555555555,0.1943051487016533,False,True,False,False,False,True,False,False,False,False,True,False,True,False,False,False,False,True,False,False,False,False,True,False,False,False,False,False,False,False,False,True,False,False
43,honda civic (auto),0.2886297376093294,0.4179104477611939,0.4750000000000005,0.266666666666667,0.1849056603773585,0.4357142857142857,0.7190476190476192,0.1312499999999999,0.2166666666666666,0.5510204081632655,0.3333333333333333,0.129760190655876,False,False,True,False,False,True,False,True,False,False,True,False,True,False,False,False,False,True,False,False,False,False,True,False,False,False,False,True,False,False,False,False,False,False
44,isuzu MU-X,0.2244897959183673,0.4417910447761191,0.125,0.4750000000000001,0.1886792452830188,0.55,0.5523809523809524,0.09375,0.125,0.2653061224489796,0.3055555555555555,0.0413832481008887,False,True,False,False,False,True,False,False,False,False,True,False,False,True,False,False,False,True,False,False,False,False,True,False,False,False,False,True,False,False,False,False,False,False
45,isuzu D-Max ,0.230320699708455,0.2208955223880599,0.2750000000000003,0.3500000000000001,0.1094339622641509,0.3499999999999998,0.4952380952380952,0.1624999999999999,0.0916666666666666,0.5102040816326532,0.6944444444444444,0.0942977012064942,False,False,True,False,False,True,False,True,False,False,True,False,True,False,False,False,False,True,False,False,False,False,True,False,False,False,False,True,False,False,False,False,False,False
46,isuzu D-Max V-Cross,0.230320699708455,0.2208955223880599,0.2750000000000003,0.3500000000000001,0.1094339622641509,0.3499999999999998,0.4952380952380952,0.1624999999999999,0.0916666666666666,0.5102040816326532,0.6944444444444444,0.0942977012064942,False,True,False,False,False,True,False,False,False,False,True,False,True,False,False,False,False,True,False,False,False,False,True,False,False,False,False,True,False,False,False,False,False,False
47,isuzu D-Max ,0.2740524781341111,0.4701492537313432,0.4083333333333341,0.3000000000000002,0.2188679245283019,0.6357142857142859,0.5523809523809524,0.1374999999999999,0.175,0.346938775510204,0.3055555555555555,0.1472121543120997,False,False,False,True,False,True,False,True,False,True,False,False,False,True,False,False,False,True,False,False,False,False,True,False,False,False,False,False,False,False,False,False,False,True
48,jaguar xj,0.7696793002915454,0.8731343283582089,0.7749999999999995,0.4166666666666665,0.2226415094339622,0.7785714285714287,1.0,0.0687499999999999,0.5333333333333332,0.2448979591836735,0.0555555555555555,0.6735514621915497,False,True,False,False,False,True,False,False,False,False,True,False,False,True,False,False,False,False,False,False,False,False,False,True,False,False,False,False,False,False,False,True,False,False
49,jaguar xf,0.7696793002915454,0.8731343283582089,0.7749999999999995,0.4166666666666665,0.2226415094339622,0.7785714285714287,1.0,0.0687499999999999,0.5333333333333332,0.2448979591836735,0.0555555555555555,0.7554739089419593,False,True,False,False,False,True,False,False,False,False,True,False,False,True,False,False,False,False,False,False,False,False,False,True,False,False,False,False,False,False,False,True,False,False
50,jaguar xk,0.4489795918367347,0.7552238805970148,0.8583333333333334,0.0,0.2226415094339622,0.7142857142857142,0.3285714285714285,0.28125,0.1958333333333333,0.346938775510204,0.0,0.7666451516806514,False,True,False,False,False,True,False,True,False,False,True,False,False,True,False,False,False,False,False,True,False,False,False,False,False,True,False,False,False,False,False,True,False,False
51,mazda rx3,0.1895043731778427,0.2686567164179103,0.3250000000000002,0.5249999999999999,0.1132075471698113,0.3499999999999998,0.5142857142857142,0.125,0.0833333333333333,0.346938775510204,0.4722222222222221,0.0019115237575095,False,False,True,False,False,True,False,True,False,True,False,False,True,False,False,False,False,True,False,False,False,False,True,False,False,False,False,True,False,False,False,False,False,False
52,mazda glc deluxe,0.1895043731778427,0.2686567164179103,0.3250000000000002,0.5249999999999999,0.1132075471698113,0.3499999999999998,0.5142857142857142,0.125,0.0833333333333333,0.346938775510204,0.4999999999999999,0.0242540092348939,False,False,True,False,False,True,False,True,False,True,False,False,True,False,False,False,False,True,False,False,False,False,True,False,False,False,False,True,False,False,False,False,False,False
53,mazda rx2 coupe,0.1895043731778427,0.2686567164179103,0.3250000000000002,0.5249999999999999,0.1132075471698113,0.3499999999999998,0.5142857142857142,0.125,0.0833333333333333,0.346938775510204,0.4999999999999999,0.0416314979395263,False,False,True,False,False,True,False,True,False,True,False,False,True,False,False,False,False,True,False,False,False,False,True,False,False,False,False,True,False,False,False,False,False,False
54,mazda rx-4,0.1895043731778427,0.383582089552239,0.3250000000000002,0.5249999999999999,0.1132075471698113,0.3499999999999998,0.5142857142857142,0.125,0.0833333333333333,0.346938775510204,0.4999999999999999,0.0391489995531502,False,False,True,False,False,True,False,False,False,False,True,False,True,False,False,False,False,True,False,False,False,False,True,False,False,False,False,True,False,False,False,False,False,False
55,mazda glc deluxe,0.1895043731778427,0.383582089552239,0.3250000000000002,0.5249999999999999,0.1132075471698113,0.3857142857142859,0.5142857142857142,0.125,0.0833333333333333,0.346938775510204,0.4999999999999999,0.0565264882577826,False,False,True,False,False,True,False,False,False,False,True,False,True,False,False,False,False,True,False,False,False,False,True,False,False,False,False,True,False,False,False,False,False,False
56,mazda 626,0.2536443148688048,0.4164179104477612,0.4500000000000002,0.1499999999999999,0.0339622641509433,0.5642857142857143,0.5642857142857143,0.15,0.2208333333333333,0.7551020408163265,0.1111111111111111,0.1446551809741323,False,False,False,False,True,True,False,True,False,True,False,False,False,True,False,False,False,False,False,False,True,False,False,False,False,False,True,False,True,False,False,False,False,False
57,mazda glc,0.2536443148688048,0.4164179104477612,0.4500000000000002,0.1499999999999999,0.0339622641509433,0.5642857142857143,0.5642857142857143,0.15,0.2208333333333333,0.7551020408163265,0.1111111111111111,0.1669976664515168,False,False,False,False,True,True,False,True,False,True,False,False,False,True,False,False,False,False,False,False,True,False,False,False,False,False,True,False,True,False,False,False,False,False
58,mazda rx-7 gs,0.2536443148688048,0.4164179104477612,0.4500000000000002,0.1499999999999999,0.0339622641509433,0.5642857142857143,0.5642857142857143,0.15,0.2208333333333333,0.7551020408163265,0.1111111111111111,0.2116826374062856,False,False,False,False,True,True,False,True,False,True,False,False,False,True,False,False,False,False,False,False,True,False,False,False,False,False,True,False,True,False,False,False,False,False
59,mazda glc 4,0.2536443148688048,0.4164179104477612,0.4500000000000002,0.1499999999999999,0.0716981132075471,0.5642857142857143,0.5642857142857143,0.15,0.3625,0.7551020408163265,0.0833333333333333,0.2613326051338067,False,False,False,False,True,True,False,True,False,True,False,False,False,True,False,False,False,False,False,False,True,False,False,False,False,False,True,False,False,False,False,True,False,False
60,mazda 626,0.3556851311953353,0.5477611940298508,0.5166666666666666,0.4916666666666667,0.230188679245283,0.6071428571428574,0.6285714285714288,0.0999999999999999,0.1499999999999999,0.2653061224489796,0.3611111111111111,0.0925227148602353,False,False,True,False,False,True,False,True,False,True,False,False,True,False,False,False,False,True,False,False,False,False,True,False,False,False,False,True,False,False,False,False,False,False
61,mazda glc custom l,0.3556851311953353,0.5477611940298508,0.5166666666666666,0.641666666666667,0.230188679245283,0.6071428571428574,0.6285714285714288,0.0999999999999999,0.1499999999999999,0.2653061224489796,0.3611111111111111,0.0838339705079191,False,True,False,False,False,True,False,False,False,False,True,False,True,False,False,False,False,True,False,False,False,False,True,False,False,False,False,True,False,False,False,False,False,False
62,mazda glc custom,0.3556851311953353,0.5477611940298508,0.5166666666666666,0.4916666666666667,0.230188679245283,0.6071428571428574,0.6285714285714288,0.0999999999999999,0.1499999999999999,0.2653061224489796,0.3611111111111111,0.1359664366218161,False,False,True,False,False,True,False,True,False,True,False,False,True,False,False,False,False,True,False,False,False,False,True,False,False,False,False,True,False,False,False,False,False,False
63,mazda rx-4,0.3556851311953353,0.5477611940298508,0.5166666666666666,0.641666666666667,0.230188679245283,0.6071428571428574,0.6285714285714288,0.0999999999999999,0.1499999999999999,0.2653061224489796,0.3611111111111111,0.1272776922695,False,True,False,False,False,True,False,False,False,False,True,False,True,False,False,False,False,True,False,False,False,False,True,False,False,False,False,True,False,False,False,False,False,False
64,mazda glc deluxe,0.3556851311953353,0.5477611940298508,0.5166666666666666,0.641666666666667,0.230188679245283,0.6071428571428574,0.6285714285714288,0.125,0.0666666666666666,0.2040816326530612,0.6388888888888888,0.1409314333945683,False,True,False,False,False,False,False,False,False,False,True,False,True,False,False,False,False,True,False,False,False,False,True,False,False,False,False,False,False,True,False,False,False,False
65,mazda 626,0.3556851311953353,0.5477611940298508,0.5166666666666666,0.641666666666667,0.230188679245283,0.6071428571428574,0.6285714285714288,0.0999999999999999,0.1499999999999999,0.2653061224489796,0.3611111111111111,0.1521026761332605,False,True,False,False,False,True,False,False,False,True,False,False,True,False,False,False,False,True,False,False,False,False,True,False,False,False,False,True,False,False,False,False,False,False
66,mazda glc,0.5335276967930032,0.5059701492537312,0.4833333333333334,0.5500000000000003,0.2981132075471698,0.8714285714285712,0.5190476190476192,0.0625,0.3,0.346938775510204,0.1666666666666666,0.3267464376148155,False,True,False,False,False,True,False,False,False,False,True,False,False,True,False,False,False,True,False,False,False,False,True,False,False,False,False,False,False,False,False,True,False,False
67,mazda rx-7 gs,0.5335276967930032,0.5059701492537312,0.4833333333333334,0.5500000000000003,0.2754716981132075,0.6357142857142859,0.7476190476190478,0.9375,0.0999999999999999,0.0204081632653061,0.4999999999999999,0.3283352365820962,False,True,False,False,False,False,False,False,False,False,True,False,False,True,False,False,False,True,False,False,False,False,True,False,False,False,False,False,False,True,False,False,False,False
68,buick electra 225 custom,0.6822157434402332,0.7432835820895525,0.833333333333333,0.7250000000000001,0.460377358490566,0.7428571428571431,0.7476190476190478,0.90625,0.3124999999999999,0.0816326530612243,0.2499999999999999,0.5072737202720818,True,False,False,False,False,False,True,False,False,False,True,False,False,True,False,False,False,True,False,False,False,True,False,False,False,False,False,False,False,True,False,False,False,False
69,buick century luxus (sw),0.6822157434402332,0.7432835820895525,0.833333333333333,0.9083333333333335,0.460377358490566,0.7428571428571431,0.7476190476190478,0.90625,0.3124999999999999,0.0816326530612243,0.2499999999999999,0.5742018767687802,True,False,False,False,False,False,True,False,False,False,False,True,False,True,False,False,False,True,False,False,False,True,False,False,False,False,False,False,False,True,False,False,False,False
70,buick century,0.5860058309037903,0.6925373134328359,0.833333333333333,0.5916666666666663,0.460377358490566,0.7428571428571431,0.7476190476190478,0.90625,0.3124999999999999,0.0816326530612243,0.2499999999999999,0.5724144779305893,False,True,False,False,False,False,True,True,True,False,False,False,False,True,False,False,False,True,False,False,False,True,False,False,False,False,False,False,False,True,False,False,False,False
71,buick skyhawk,0.8454810495626819,0.917910447761194,0.9500000000000002,0.7083333333333335,0.460377358490566,0.7428571428571431,0.7476190476190478,0.90625,0.3124999999999999,0.0816326530612243,0.2499999999999999,0.6574152226801053,True,False,False,False,False,False,True,False,False,False,True,False,False,True,False,False,False,True,False,False,False,True,False,False,False,False,False,False,False,True,False,False,False,False
72,buick opel isuzu deluxe,0.8454810495626819,0.917910447761194,0.9500000000000002,0.7250000000000001,0.6528301886792454,0.6571428571428573,0.4904761904761905,0.08125,0.4458333333333333,0.2448979591836735,0.0833333333333333,0.7215629809840625,True,False,False,False,False,True,False,False,False,False,True,False,False,True,False,False,False,False,False,True,False,False,False,False,False,False,False,False,False,False,False,True,False,False
73,buick skylark,0.2915451895043732,0.5850746268656719,0.8500000000000005,0.2499999999999995,0.6528301886792454,0.6571428571428573,0.4904761904761905,0.08125,0.4458333333333333,0.2448979591836735,0.0833333333333333,0.7432103669132615,False,False,False,False,True,True,False,True,False,False,False,False,False,True,False,False,False,False,False,True,False,False,False,False,False,False,False,False,False,False,False,True,False,False
74,buick century special,0.3032069970845481,1.0,0.9500000000000002,0.7416666666666667,0.2226415094339622,0.9000000000000001,0.6095238095238096,0.0625,0.5666666666666667,0.1428571428571428,0.0277777777777777,0.128518941462688,False,True,False,False,False,True,False,False,False,False,True,False,False,True,False,False,False,False,False,True,False,False,False,False,False,False,False,False,False,False,False,True,False,False
75,buick regal sport coupe (turbo),0.740524781341108,0.8671641791044773,0.9750000000000004,0.6333333333333333,0.2226415094339622,0.9000000000000001,0.6095238095238096,0.0625,0.5666666666666667,0.1428571428571428,0.0277777777777777,0.128518941462688,False,False,True,False,False,True,False,True,True,False,False,False,False,True,False,False,False,False,False,True,False,False,False,False,False,False,False,False,False,False,False,True,False,False
76,mercury cougar,0.4693877551020411,0.5567164179104478,0.6416666666666666,0.5833333333333335,0.2981132075471698,0.8857142857142855,0.5000000000000002,0.0625,0.5291666666666666,0.346938775510204,0.1666666666666666,0.2826324412889132,False,False,True,False,False,True,True,True,False,True,False,False,False,True,False,False,False,True,False,False,False,False,True,False,False,False,False,False,False,False,False,True,False,False
77,mitsubishi mirage,0.2069970845481052,0.2417910447761198,0.3416666666666677,0.2499999999999995,0.1169811320754716,0.3071428571428571,0.5523809523809524,0.15,0.0833333333333333,0.5510204081632655,0.6666666666666665,0.006727570627079,False,False,False,True,False,True,False,True,False,True,False,False,True,False,False,False,False,True,False,False,False,False,True,False,False,False,False,True,False,False,False,False,False,False
78,mitsubishi lancer,0.2069970845481052,0.2417910447761198,0.3416666666666677,0.2499999999999995,0.1169811320754716,0.3071428571428571,0.5523809523809524,0.15,0.0833333333333333,0.5510204081632655,0.4999999999999999,0.0265875577180874,False,False,False,True,False,True,False,True,False,True,False,False,True,False,False,False,False,True,False,False,False,False,True,False,False,False,False,True,False,False,False,False,False,False
79,mitsubishi outlander,0.2069970845481052,0.2417910447761198,0.3416666666666677,0.2499999999999995,0.1169811320754716,0.3071428571428571,0.5523809523809524,0.15,0.0833333333333333,0.5510204081632655,0.4999999999999999,0.0385035499726925,False,False,False,True,False,True,False,True,False,True,False,False,True,False,False,False,False,True,False,False,False,False,True,False,False,False,False,True,False,False,False,False,False,False
80,mitsubishi g4,0.1865889212827989,0.2417910447761198,0.2916666666666669,0.2499999999999995,0.139622641509434,0.3499999999999998,0.6285714285714288,0.0374999999999999,0.2249999999999999,0.5510204081632655,0.3055555555555555,0.0638250335137282,False,False,True,False,False,True,True,True,False,True,False,False,True,False,False,False,False,True,False,False,False,False,True,False,False,False,False,False,False,False,False,False,True,False
81,mitsubishi mirage g4,0.2827988338192422,0.4761194029850748,0.4250000000000007,0.1333333333333333,0.1849056603773585,0.4499999999999999,0.661904761904762,0.03125,0.2833333333333333,0.5510204081632655,0.2777777777777777,0.1201777468844645,False,False,False,False,True,True,True,True,False,True,False,False,True,False,False,False,False,True,False,False,False,False,True,False,False,False,False,False,False,False,False,False,True,False
82,mitsubishi g4,0.2827988338192422,0.4761194029850748,0.4250000000000007,0.1333333333333333,0.230188679245283,0.5785714285714285,0.661904761904762,0.09375,0.1666666666666666,0.346938775510204,0.3333333333333333,0.0839332704433742,False,False,False,False,True,True,False,True,False,True,False,False,True,False,False,False,False,True,False,False,False,False,True,False,False,False,False,True,False,False,False,False,False,False
83,mitsubishi outlander,0.2711370262390673,0.4791044776119402,0.5,0.2000000000000006,0.3584905660377358,0.7428571428571431,0.8523809523809525,0.0,0.4041666666666666,0.346938775510204,0.1666666666666666,0.186460453800705,False,False,False,False,True,True,True,True,False,True,False,False,True,False,False,False,False,True,False,False,False,False,True,False,False,False,False,False,False,False,False,False,True,False
84,mitsubishi g4,0.2711370262390673,0.4791044776119402,0.5,0.2000000000000006,0.3584905660377358,0.7499999999999998,0.8523809523809525,0.0,0.4041666666666666,0.346938775510204,0.1666666666666666,0.2420684176555285,False,False,False,False,True,True,True,True,False,True,False,False,True,False,False,False,False,True,False,False,False,False,True,False,False,False,False,False,False,False,False,False,True,False
85,mitsubishi mirage g4,0.2711370262390673,0.4791044776119402,0.5,0.2000000000000006,0.3584905660377358,0.7499999999999998,0.8523809523809525,0.0,0.4041666666666666,0.346938775510204,0.1666666666666666,0.2326349237872995,False,False,False,False,True,True,True,True,False,True,False,False,True,False,False,False,False,True,False,False,False,False,True,False,False,False,False,False,False,False,False,False,True,False
86,mitsubishi montero,0.2827988338192422,0.4671641791044778,0.4250000000000007,0.3166666666666669,0.230188679245283,0.5785714285714285,0.661904761904762,0.09375,0.1666666666666666,0.346938775510204,0.3333333333333333,0.0464475448090958,False,False,True,False,False,True,False,False,False,False,True,False,True,False,False,False,False,True,False,False,False,False,True,False,False,False,False,True,False,False,False,False,False,False
87,mitsubishi pajero,0.2827988338192422,0.4671641791044778,0.4250000000000007,0.3166666666666669,0.230188679245283,0.5785714285714285,0.661904761904762,0.09375,0.1666666666666666,0.346938775510204,0.3333333333333333,0.0762375254456084,False,False,True,False,False,True,False,False,False,False,True,False,True,False,False,False,False,True,False,False,False,False,True,False,False,False,False,True,False,False,False,False,False,False
88,mitsubishi outlander,0.2827988338192422,0.4671641791044778,0.4250000000000007,0.3166666666666669,0.1849056603773585,0.4499999999999999,0.661904761904762,0.03125,0.2833333333333333,0.5510204081632655,0.2777777777777777,0.1032967578571074,False,False,True,False,False,True,True,False,False,False,True,False,True,False,False,False,False,True,False,False,False,False,True,False,False,False,False,False,False,False,False,False,True,False
89,mitsubishi mirage g4,0.2827988338192422,0.4671641791044778,0.4250000000000007,0.3166666666666669,0.1849056603773585,0.4499999999999999,0.661904761904762,0.03125,0.2833333333333333,0.5510204081632655,0.2777777777777777,0.1032967578571074,True,False,False,False,False,True,False,False,False,False,True,False,True,False,False,False,False,True,False,False,False,False,True,False,False,False,False,False,False,False,False,False,True,False
90,nissan versa,0.230320699708455,0.3611940298507465,0.2916666666666669,0.5583333333333331,0.1358490566037736,0.4357142857142857,0.5809523809523811,0.15,0.0874999999999999,0.4285714285714286,0.4999999999999999,0.0094583188520927,False,False,True,False,False,True,False,True,False,False,True,False,True,False,False,False,False,True,False,False,False,False,True,False,False,False,False,True,False,False,False,False,False,False
91,nissan gt-r,0.230320699708455,0.3611940298507465,0.2916666666666669,0.5583333333333331,0.1584905660377358,0.3214285714285718,0.6666666666666667,0.93125,0.0291666666666666,0.2653061224489796,0.3055555555555555,0.0491782930341095,False,False,True,False,False,False,False,True,False,False,True,False,True,False,False,False,False,True,False,False,False,False,True,False,False,False,False,False,False,True,False,False,False,False
92,nissan rogue,0.230320699708455,0.3611940298507465,0.2916666666666669,0.5583333333333331,0.1358490566037736,0.4357142857142857,0.5809523809523811,0.15,0.0874999999999999,0.4285714285714286,0.4999999999999999,0.0380070502954172,False,False,True,False,False,True,False,True,False,False,True,False,True,False,False,False,False,True,False,False,False,False,True,False,False,False,False,True,False,False,False,False,False,False
93,nissan latio,0.230320699708455,0.3611940298507465,0.2916666666666669,0.5583333333333331,0.1358490566037736,0.4357142857142857,0.5809523809523811,0.15,0.0874999999999999,0.4285714285714286,0.4999999999999999,0.0429720470681694,False,False,True,False,False,True,False,False,False,False,True,False,True,False,False,False,False,True,False,False,False,False,True,False,False,False,False,True,False,False,False,False,False,False
94,nissan titan,0.230320699708455,0.4343283582089552,0.2916666666666669,0.4750000000000001,0.1358490566037736,0.4357142857142857,0.5809523809523811,0.15,0.0874999999999999,0.4285714285714286,0.4999999999999999,0.0553845390000496,False,False,True,False,False,True,False,False,False,False,False,True,True,False,False,False,False,True,False,False,False,False,True,False,False,False,False,True,False,False,False,False,False,False
95,nissan leaf,0.230320699708455,0.3611940298507465,0.2916666666666669,0.5583333333333331,0.1358490566037736,0.4357142857142857,0.5809523809523811,0.15,0.0874999999999999,0.4285714285714286,0.4999999999999999,0.0541432898068616,False,False,True,False,False,True,False,True,False,False,True,False,True,False,False,False,False,True,False,False,False,False,True,False,False,False,False,True,False,False,False,False,False,False
96,nissan juke,0.230320699708455,0.3656716417910446,0.2916666666666669,0.4583333333333335,0.1358490566037736,0.4357142857142857,0.5809523809523811,0.15,0.0874999999999999,0.4285714285714286,0.4999999999999999,0.0665557817387418,False,False,True,False,False,True,False,True,False,True,False,False,True,False,False,False,False,True,False,False,False,False,True,False,False,False,False,True,False,False,False,False,False,False
97,nissan latio,0.230320699708455,0.3611940298507465,0.2916666666666669,0.5583333333333331,0.1358490566037736,0.4357142857142857,0.5809523809523811,0.15,0.0874999999999999,0.4285714285714286,0.4999999999999999,0.0591082865796137,False,False,True,False,False,True,False,False,False,False,True,False,True,False,False,False,False,True,False,False,False,False,True,False,False,False,False,True,False,False,False,False,False,False
98,nissan note,0.230320699708455,0.4343283582089552,0.2916666666666669,0.4750000000000001,0.1358490566037736,0.4357142857142857,0.5809523809523811,0.15,0.0874999999999999,0.4285714285714286,0.4999999999999999,0.0715207785114939,False,False,True,False,False,True,False,False,False,False,False,True,True,False,False,False,False,True,False,False,False,False,True,False,False,False,False,True,False,False,False,False,False,False
99,nissan clipper,0.2478134110787171,0.3179104477611942,0.2916666666666669,0.4583333333333335,0.1358490566037736,0.4357142857142857,0.5809523809523811,0.15,0.0874999999999999,0.4285714285714286,0.4999999999999999,0.0777270244774341,False,False,False,True,False,True,False,True,True,False,False,False,True,False,False,False,False,True,False,False,False,False,True,False,False,False,False,True,False,False,False,False,False,False
100,nissan rogue,0.3090379008746358,0.482089552238806,0.4083333333333341,0.5750000000000006,0.2226415094339622,0.5642857142857143,0.6666666666666667,0.09375,0.2041666666666666,0.4285714285714286,0.3888888888888889,0.0951045131820664,False,True,False,False,False,True,False,False,False,True,False,False,True,False,False,False,False,True,False,False,False,False,True,False,False,False,False,True,False,False,False,False,False,False
101,nissan nv200,0.3090379008746358,0.482089552238806,0.4083333333333341,0.5750000000000006,0.2226415094339622,0.5642857142857143,0.6666666666666667,0.09375,0.2041666666666666,0.4285714285714286,0.3888888888888889,0.1099995035003227,False,True,False,False,False,True,False,False,False,False,True,False,True,False,False,False,False,True,False,False,False,False,True,False,False,False,False,True,False,False,False,False,False,False
102,nissan dayz,0.4023323615160352,0.6059701492537313,0.5166666666666666,0.6083333333333338,0.4528301886792452,0.6357142857142859,0.5714285714285716,0.125,0.4333333333333333,0.4285714285714286,0.1111111111111111,0.2080581897621766,False,True,False,False,False,True,False,False,False,False,True,False,True,False,False,False,False,False,False,True,False,False,False,True,False,False,False,False,False,False,False,True,False,False
103,nissan fuga,0.4023323615160352,0.6492537313432836,0.5166666666666666,0.6916666666666669,0.4528301886792452,0.6357142857142859,0.5714285714285716,0.125,0.4333333333333333,0.4285714285714286,0.1111111111111111,0.2304006752395611,False,True,False,False,False,True,False,False,False,False,False,True,True,False,False,False,False,False,False,True,False,False,False,True,False,False,False,False,False,False,False,True,False,False
104,nissan otti,0.4023323615160352,0.6492537313432836,0.5166666666666666,0.6083333333333338,0.4528301886792452,0.6357142857142859,0.5714285714285716,0.125,0.4333333333333333,0.4285714285714286,0.1666666666666666,0.2080581897621766,False,True,False,False,False,True,False,False,False,False,True,False,True,False,False,False,False,False,False,True,False,False,False,True,False,False,False,False,False,False,False,True,False,False
105,nissan teana,0.1370262390670555,0.4417910447761191,0.6333333333333337,0.1583333333333336,0.4528301886792452,0.6357142857142859,0.5714285714285716,0.125,0.4666666666666666,0.4285714285714286,0.1666666666666666,0.2999106300580905,False,False,False,False,True,True,False,True,False,True,False,False,False,True,False,False,False,False,False,True,False,False,False,True,False,False,False,False,False,False,False,True,False,False
106,nissan kicks,0.1370262390670555,0.4417910447761191,0.6333333333333337,0.1583333333333336,0.4528301886792452,0.6357142857142859,0.5714285714285716,0.0499999999999999,0.6333333333333333,0.4285714285714286,0.1111111111111111,0.3619730897174917,False,False,False,False,True,True,True,True,False,True,False,False,False,True,False,False,False,False,False,True,False,False,False,True,False,False,False,False,False,False,False,True,False,False
107,nissan clipper,0.3673469387755106,0.5582089552238805,0.6333333333333337,0.1583333333333336,0.4528301886792452,0.6357142857142859,0.5714285714285716,0.125,0.4666666666666666,0.4285714285714286,0.1666666666666666,0.329700610694603,False,False,True,False,False,True,False,True,False,True,False,False,False,True,False,False,False,False,False,True,False,False,False,True,False,False,False,False,False,False,False,True,False,False
108,peugeot 504,0.620991253644315,0.6805970149253731,0.6750000000000007,0.7416666666666667,0.2226415094339622,0.6571428571428573,0.5333333333333334,0.0875,0.2041666666666666,0.346938775510204,0.1666666666666666,0.1683630405640236,False,True,False,False,False,True,False,False,False,False,True,False,False,True,False,False,True,False,False,False,False,False,True,False,False,False,False,False,False,False,False,True,False,False
109,peugeot 304,0.620991253644315,0.6805970149253731,0.6750000000000007,0.7416666666666667,0.3433962264150943,0.828571428571429,0.6904761904761905,0.875,0.1958333333333333,0.0,0.4166666666666666,0.2006355195869122,False,True,False,False,False,False,True,False,False,False,True,False,False,True,False,False,True,False,False,False,False,False,True,False,False,False,False,False,False,True,False,False,False,False
110,peugeot 504 (sw),0.80466472303207,0.8626865671641792,0.6750000000000007,0.9083333333333335,0.2226415094339622,0.6571428571428573,0.5333333333333334,0.0875,0.2041666666666666,0.346938775510204,0.1666666666666666,0.1817685318504542,False,True,False,False,False,True,False,False,False,False,False,True,False,True,False,False,True,False,False,False,False,False,True,False,False,False,False,False,False,False,False,True,False,False
111,peugeot 504,0.80466472303207,0.8626865671641792,0.6750000000000007,0.9083333333333335,0.3433962264150943,0.828571428571429,0.6904761904761905,0.875,0.1958333333333333,0.0,0.3333333333333333,0.2170200089369942,False,True,False,False,False,False,True,False,False,False,False,True,False,True,False,False,True,False,False,False,False,False,True,False,False,False,False,False,False,True,False,False,False,False
112,peugeot 504,0.620991253644315,0.6805970149253731,0.6750000000000007,0.7416666666666667,0.2226415094339622,0.6571428571428573,0.5809523809523811,0.0875,0.1958333333333333,0.346938775510204,0.1666666666666666,0.2597189811826622,False,True,False,False,False,True,False,False,False,False,True,False,False,True,False,False,True,False,False,False,False,False,True,False,False,False,False,False,False,False,False,True,False,False
113,peugeot 604sl,0.620991253644315,0.6805970149253731,0.6750000000000007,0.7416666666666667,0.3433962264150943,0.828571428571429,0.6904761904761905,0.875,0.1958333333333333,0.0,0.4166666666666666,0.292487959882826,False,True,False,False,False,False,True,False,False,False,True,False,False,True,False,False,True,False,False,False,False,False,True,False,False,False,False,False,False,True,False,False,False,False
114,peugeot 504,0.80466472303207,0.8626865671641792,0.6750000000000007,0.7416666666666667,0.2226415094339622,0.6571428571428573,0.5809523809523811,0.0875,0.1958333333333333,0.346938775510204,0.1666666666666666,0.2873988381907552,False,True,False,False,False,True,False,False,False,False,False,True,False,True,False,False,True,False,False,False,False,False,True,False,False,False,False,False,False,False,False,True,False,False
115,peugeot 505s turbo diesel,0.80466472303207,0.8626865671641792,0.6750000000000007,0.9083333333333335,0.3433962264150943,0.828571428571429,0.6904761904761905,0.875,0.1958333333333333,0.0,0.3333333333333333,0.2968323320589842,False,True,False,False,False,False,True,False,False,False,False,True,False,True,False,False,True,False,False,False,False,False,True,False,False,False,False,False,False,True,False,False,False,False
116,peugeot 504,0.620991253644315,0.6805970149253731,0.6750000000000007,0.7416666666666667,0.2226415094339622,0.6571428571428573,0.5333333333333334,0.0875,0.2041666666666666,0.346938775510204,0.1666666666666666,0.2857852142396107,False,True,False,False,False,True,False,False,False,False,True,False,False,True,False,False,True,False,False,False,False,False,True,False,False,False,False,False,False,False,False,True,False,False
117,peugeot 504,0.620991253644315,0.6805970149253731,0.6750000000000007,0.7416666666666667,0.3433962264150943,0.828571428571429,0.6904761904761905,0.875,0.1958333333333333,0.0,0.4166666666666666,0.3185541929397746,False,True,False,False,False,False,True,False,False,False,True,False,False,True,False,False,True,False,False,False,False,False,True,False,False,False,False,False,False,True,False,False,False,False
118,peugeot 604sl,0.6239067055393588,0.6805970149253731,0.666666666666667,0.6833333333333331,0.2754716981132075,0.7642857142857145,0.5428571428571429,0.0,0.3916666666666666,0.5918367346938773,0.1388888888888889,0.3235191897125267,False,True,False,False,False,True,True,False,False,False,True,False,False,True,False,False,True,False,False,False,False,False,True,False,False,False,False,False,False,False,False,True,False,False
119,plymouth fury iii,0.2069970845481052,0.2417910447761198,0.2916666666666669,0.2499999999999995,0.1094339622641509,0.3071428571428571,0.5523809523809524,0.15,0.0833333333333333,0.5510204081632655,0.6666666666666665,0.0112705426741472,False,False,True,False,False,True,False,True,False,True,False,False,True,False,False,False,False,True,False,False,False,False,True,False,False,False,False,True,False,False,False,False,False,False
120,plymouth cricket,0.2069970845481052,0.2417910447761198,0.2916666666666669,0.2499999999999995,0.139622641509434,0.3499999999999998,0.6285714285714288,0.0374999999999999,0.2249999999999999,0.5510204081632655,0.3055555555555555,0.070478129189216,False,False,True,False,False,True,True,True,False,True,False,False,True,False,False,False,False,True,False,False,False,False,True,False,False,False,False,False,False,False,False,False,True,False
121,plymouth fury iii,0.2069970845481052,0.2417910447761198,0.2916666666666669,0.2333333333333338,0.1094339622641509,0.3071428571428571,0.5523809523809524,0.15,0.0833333333333333,0.5510204081632655,0.4999999999999999,0.0275805570726379,False,False,True,False,False,True,False,False,False,True,False,False,True,False,False,False,False,True,False,False,False,False,True,False,False,False,False,True,False,False,False,False,False,False
122,plymouth satellite custom (sw),0.2069970845481052,0.3910447761194033,0.2916666666666669,0.2499999999999995,0.1094339622641509,0.3071428571428571,0.5523809523809524,0.15,0.0833333333333333,0.5510204081632655,0.4999999999999999,0.0390745246015589,False,False,True,False,False,True,False,False,False,False,True,False,True,False,False,False,False,True,False,False,False,False,True,False,False,False,False,True,False,False,False,False,False,False
123,plymouth fury gran sedan,0.2069970845481052,0.3910447761194033,0.2916666666666669,0.2499999999999995,0.139622641509434,0.3071428571428571,0.5523809523809524,0.15,0.0833333333333333,0.5510204081632655,0.4999999999999999,0.0618390348046273,False,False,True,False,False,True,False,False,False,False,True,False,True,False,False,False,False,True,False,False,False,False,True,False,False,False,False,True,False,False,False,False,False,False
124,plymouth valiant,0.4868804664723032,0.5,0.3583333333333334,0.9999999999999996,0.230188679245283,0.5785714285714285,0.661904761904762,0.09375,0.1666666666666666,0.346938775510204,0.3055555555555555,0.0944094136338811,True,False,False,False,False,True,False,False,False,False,False,True,True,False,False,False,False,True,False,False,False,False,True,False,False,False,False,True,False,False,False,False,False,False
125,plymouth duster,0.2711370262390673,0.4791044776119402,0.5,0.2000000000000006,0.3584905660377358,0.7499999999999998,0.8523809523809525,0.0,0.4041666666666666,0.346938775510204,0.1666666666666666,0.1898118266223127,False,False,False,False,True,True,True,True,False,True,False,False,False,True,False,False,False,True,False,False,False,False,True,False,False,False,False,False,False,False,False,False,True,False
126,porsche macan,0.230320699708455,0.4149253731343285,0.666666666666667,0.2000000000000006,0.3396226415094339,1.0000000000000002,0.4952380952380952,0.15625,0.3958333333333333,0.5510204081632655,0.1666666666666666,0.4195422272975522,False,False,False,False,True,True,False,True,False,True,False,False,False,True,False,False,False,True,False,False,False,False,True,False,False,False,False,False,False,False,False,True,False,False
127,porcshe panamera,0.0845481049562684,0.4149253731343285,0.3916666666666666,0.3166666666666669,0.5018867924528303,0.8571428571428574,0.3952380952380954,0.15625,0.6624999999999999,0.7142857142857142,0.1111111111111111,0.6804528077056751,False,False,False,False,True,True,False,True,True,False,False,False,False,True,True,False,False,False,True,False,False,False,False,True,False,False,False,False,False,False,False,True,False,False
128,porsche cayenne,0.0845481049562684,0.4149253731343285,0.3916666666666666,0.3166666666666669,0.5018867924528303,0.8571428571428574,0.3952380952380954,0.15625,0.6624999999999999,0.7142857142857142,0.1111111111111111,0.7176902835013157,False,False,False,False,True,True,False,True,True,False,False,False,False,True,True,False,False,False,True,False,False,False,False,True,False,False,False,False,False,False,False,True,False,False
129,porsche boxter,0.0845481049562684,0.4149253731343285,0.3916666666666666,0.3166666666666669,0.5018867924528303,0.8571428571428574,0.3952380952380954,0.15625,0.6624999999999999,0.7142857142857142,0.1111111111111111,0.7921652350925972,False,False,False,False,True,True,False,True,False,False,False,False,False,True,True,False,False,False,True,False,False,False,False,True,False,False,False,False,False,False,False,True,False,False
130,porsche cayenne,0.3440233236151608,0.5164179104477609,1.0,0.2250000000000001,0.5358490566037737,1.0000000000000002,0.4952380952380952,0.1875,0.1958333333333333,0.653061224489796,0.1111111111111111,0.6524626383992851,False,False,True,False,False,True,False,True,False,True,False,False,False,True,False,True,False,False,False,False,False,False,False,False,False,False,False,False,False,False,False,True,False,False
131,renault 12tl,0.2769679300291545,0.6029850746268659,0.5166666666666666,0.6166666666666667,0.2679245283018868,0.6571428571428573,0.8714285714285714,0.1062499999999999,0.175,0.3877551020408163,0.2777777777777777,0.1036939575989275,False,True,False,False,False,True,False,False,False,False,False,True,True,False,False,False,False,True,False,False,False,False,True,False,False,False,False,False,False,False,False,True,False,False
132,renault 5 gtl,0.2769679300291545,0.5328358208955226,0.5249999999999995,0.2250000000000001,0.2679245283018868,0.6571428571428573,0.8714285714285714,0.1062499999999999,0.175,0.3877551020408163,0.2777777777777777,0.1185889479171838,False,False,False,True,False,True,False,True,False,True,False,False,True,False,False,False,False,True,False,False,False,False,True,False,False,False,False,False,False,False,False,True,False,False
133,saab 99e,0.3644314868804663,0.6791044776119404,0.5166666666666666,0.6916666666666669,0.2264150943396226,0.7142857142857142,0.4761904761904763,0.144375,0.2583333333333333,0.4489795918367345,0.2222222222222221,0.1671217913708356,False,False,False,False,True,True,False,True,False,True,False,False,True,False,False,False,False,True,False,False,False,False,True,False,False,False,False,False,False,False,False,True,False,False
134,saab 99le,0.3644314868804663,0.6791044776119404,0.5166666666666666,0.6916666666666669,0.2264150943396226,0.7142857142857142,0.4761904761904763,0.14375,0.2583333333333333,0.4489795918367345,0.2222222222222221,0.1750657862072389,False,False,False,True,False,True,False,False,False,False,True,False,True,False,False,False,False,True,False,False,False,False,True,False,False,False,False,False,False,False,False,True,False,False
135,saab 99le,0.3644314868804663,0.6791044776119404,0.5166666666666666,0.6916666666666669,0.2264150943396226,0.0,0.5809523809523811,0.14375,0.2583333333333333,0.4489795918367345,0.2222222222222221,0.2463134898962315,False,False,False,False,True,True,False,True,False,True,False,False,True,False,False,False,False,True,False,False,False,False,True,False,False,False,False,False,False,False,False,True,False,False
136,saab 99gle,0.3644314868804663,0.6791044776119404,0.5166666666666666,0.6916666666666669,0.2264150943396226,0.7142857142857142,0.4761904761904763,0.14375,0.2583333333333333,0.4489795918367345,0.2222222222222221,0.257981232312199,False,False,False,True,False,True,False,False,False,False,True,False,True,False,False,False,False,True,False,False,False,False,True,False,False,False,False,False,False,False,False,True,False,False
137,saab 99gle,0.3644314868804663,0.6791044776119404,0.5166666666666666,0.6916666666666669,0.2264150943396226,0.7142857142857142,0.4761904761904763,0.125,0.4666666666666666,0.5510204081632655,0.1666666666666666,0.3235191897125267,False,False,False,False,True,True,True,True,False,True,False,False,True,False,False,False,False,False,False,False,False,False,True,False,False,False,False,False,False,False,False,True,False,False
138,saab 99e,0.3644314868804663,0.6791044776119404,0.5166666666666666,0.6916666666666669,0.2264150943396226,0.7142857142857142,0.4761904761904763,0.125,0.4666666666666666,0.5510204081632655,0.1666666666666666,0.3351869321284941,False,False,False,True,False,True,True,False,False,False,True,False,True,False,False,False,False,False,False,False,False,False,True,False,False,False,False,False,False,False,False,True,False,False
139,subaru,0.2069970845481052,0.2358208955223881,0.2583333333333337,0.4916666666666667,0.1358490566037736,0.7714285714285716,0.138095238095238,0.125,0.0874999999999999,0.3061224489795917,0.4999999999999999,0.0,False,False,False,True,False,True,False,True,False,True,False,False,True,False,False,False,False,False,True,False,False,False,True,False,False,False,False,True,False,False,False,False,False,False
140,subaru dl,0.2069970845481052,0.2507462686567163,0.2750000000000003,0.4916666666666667,0.1773584905660377,0.7714285714285716,0.2714285714285716,0.1062499999999999,0.1041666666666666,0.1020408163265305,0.3611111111111111,0.0480363437763765,False,False,False,True,False,True,False,True,False,True,False,False,True,False,False,False,False,False,True,False,False,False,True,False,False,False,False,True,False,False,False,False,False,False
141,subaru dl,0.1953352769679299,0.2417910447761198,0.2916666666666669,0.6583333333333337,0.1773584905660377,0.7714285714285716,0.2714285714285716,0.1062499999999999,0.1041666666666666,0.1020408163265305,0.3611111111111111,0.0616900849014448,False,False,False,True,False,True,False,True,False,True,False,False,False,False,False,False,False,False,True,False,False,False,True,False,False,False,False,True,False,False,False,False,False,False
142,subaru,0.3090379008746358,0.4611940298507462,0.4250000000000007,0.391666666666667,0.1773584905660377,0.7714285714285716,0.2714285714285716,0.15625,0.1416666666666666,0.2653061224489796,0.5277777777777777,0.049848567598431,False,True,False,False,False,True,False,False,False,False,True,False,True,False,False,False,False,False,True,False,False,False,True,False,False,False,False,True,False,False,False,False,False,False
143,subaru brz,0.3090379008746358,0.4611940298507462,0.4250000000000007,0.391666666666667,0.1773584905660377,0.7714285714285716,0.2714285714285716,0.15625,0.1416666666666666,0.1020408163265305,0.4166666666666666,0.0659599821260116,False,True,False,False,False,True,False,False,False,False,True,False,True,False,False,False,False,False,True,False,False,False,True,False,False,False,False,True,False,False,False,False,False,False
144,subaru baja,0.3090379008746358,0.4611940298507462,0.4250000000000007,0.391666666666667,0.1773584905660377,0.7714285714285716,0.2714285714285716,0.125,0.1916666666666666,0.4285714285714286,0.3611111111111111,0.1202025718683282,False,True,False,False,False,True,False,False,False,False,True,False,True,False,False,False,False,False,True,False,False,False,True,False,False,False,False,False,False,False,False,True,False,False
145,subaru r1,0.3032069970845481,0.4611940298507462,0.4250000000000007,0.5416666666666665,0.1773584905660377,0.7714285714285716,0.2714285714285716,0.125,0.1416666666666666,0.2653061224489796,0.3055555555555555,0.1021548085993744,False,True,False,False,False,True,False,False,False,False,True,False,False,False,False,False,False,False,True,False,False,False,True,False,False,False,False,True,False,False,False,False,False,False
146,subaru r2,0.3032069970845481,0.4611940298507462,0.4250000000000007,0.5416666666666665,0.1773584905660377,0.7714285714285716,0.2714285714285716,0.04375,0.2624999999999999,0.2653061224489796,0.3055555555555555,0.1524502259073531,False,True,False,False,False,True,True,False,False,False,True,False,False,False,False,False,False,False,True,False,False,False,True,False,False,False,False,False,False,False,False,True,False,False
147,subaru trezia,0.3032069970845481,0.4835820895522387,0.4250000000000007,0.4333333333333331,0.1773584905660377,0.7714285714285716,0.2714285714285716,0.125,0.1416666666666666,0.2653061224489796,0.4166666666666666,0.0582145871605183,False,True,False,False,False,True,False,False,False,False,False,True,True,False,False,False,False,False,True,False,False,False,True,False,False,False,False,True,False,False,False,False,False,False
148,subaru tribeca,0.3032069970845481,0.4835820895522387,0.4250000000000007,0.4333333333333331,0.1773584905660377,0.7714285714285716,0.2714285714285716,0.125,0.1916666666666666,0.4285714285714286,0.3333333333333333,0.1261109180279032,False,True,False,False,False,True,False,False,False,False,False,True,True,False,False,False,False,False,True,False,False,False,True,False,False,False,False,False,False,False,False,True,False,False
149,subaru dl,0.3002915451895047,0.4850746268656714,0.4250000000000007,0.5916666666666663,0.1773584905660377,0.7714285714285716,0.2714285714285716,0.125,0.1416666666666666,0.2653061224489796,0.2777777777777777,0.0718683282855866,False,True,False,False,False,True,False,False,False,False,False,True,False,False,False,False,False,False,True,False,False,False,True,False,False,False,False,True,False,False,False,False,False,False
150,subaru dl,0.3002915451895047,0.4850746268656714,0.4250000000000007,0.5916666666666663,0.1773584905660377,0.7714285714285716,0.2714285714285716,0.04375,0.2624999999999999,0.2653061224489796,0.2777777777777777,0.1632490938880889,False,True,False,False,False,True,True,False,False,False,False,True,False,False,False,False,False,False,True,False,False,False,True,False,False,False,False,False,False,False,False,True,False,False
151,toyota corona mark ii,0.2653061224489796,0.2626865671641791,0.2750000000000003,0.5583333333333331,0.1169811320754716,0.3642857142857141,0.4571428571428571,0.125,0.0583333333333332,0.2653061224489796,0.6111111111111112,0.0057097462886649,False,False,True,False,False,True,False,True,False,True,False,False,True,False,False,False,False,True,False,False,False,False,True,False,False,False,False,True,False,False,False,False,False,False
152,toyota corona,0.2653061224489796,0.2626865671641791,0.2750000000000003,0.5583333333333331,0.1169811320754716,0.3642857142857141,0.4571428571428571,0.125,0.0583333333333332,0.2653061224489796,0.4999999999999999,0.0302864803137877,False,False,True,False,False,True,False,True,False,True,False,False,True,False,False,False,False,True,False,False,False,False,True,False,False,False,False,True,False,False,False,False,False,False
153,toyota corolla 1200,0.2653061224489796,0.2626865671641791,0.2750000000000003,0.5583333333333331,0.1169811320754716,0.3642857142857141,0.4571428571428571,0.125,0.0583333333333332,0.2653061224489796,0.4999999999999999,0.0340102278933518,False,False,True,False,False,True,False,False,False,True,False,False,True,False,False,False,False,True,False,False,False,False,True,False,False,False,False,True,False,False,False,False,False,False
154,toyota corona hardtop,0.2653061224489796,0.4268656716417909,0.2750000000000003,0.9416666666666668,0.1169811320754716,0.3642857142857141,0.4571428571428571,0.125,0.0583333333333332,0.2653061224489796,0.4999999999999999,0.0446849709547688,False,True,False,False,False,True,False,False,False,False,False,True,True,False,False,False,False,True,False,False,False,False,True,False,False,False,False,True,False,False,False,False,False,False
155,toyota corolla 1600 (sw),0.2653061224489796,0.4268656716417909,0.2750000000000003,0.9416666666666668,0.1169811320754716,0.3642857142857141,0.4571428571428571,0.125,0.0583333333333332,0.2653061224489796,0.3888888888888889,0.0690134551412541,False,True,False,False,False,True,False,False,False,False,False,True,False,False,False,False,False,True,False,False,False,False,True,False,False,False,False,True,False,False,False,False,False,False
156,toyota carina,0.2653061224489796,0.4268656716417909,0.2750000000000003,0.9416666666666668,0.1169811320754716,0.3642857142857141,0.4571428571428571,0.125,0.0583333333333332,0.2653061224489796,0.3888888888888889,0.0908594409413633,False,True,False,False,False,True,False,False,False,False,False,True,False,False,False,False,False,True,False,False,False,False,True,False,False,False,False,True,False,False,False,False,False,False
157,toyota mark ii,0.2653061224489796,0.3761194029850747,0.3416666666666677,0.4333333333333331,0.139622641509434,0.4642857142857142,0.4571428571428571,0.125,0.0916666666666666,0.2653061224489796,0.4722222222222221,0.045181470632044,False,True,False,False,False,True,False,False,False,False,True,False,True,False,False,False,False,True,False,False,False,False,True,False,False,False,False,True,False,False,False,False,False,False
158,toyota corolla 1200,0.2653061224489796,0.3761194029850747,0.3416666666666677,0.4166666666666665,0.139622641509434,0.4642857142857142,0.4571428571428571,0.125,0.0916666666666666,0.2653061224489796,0.4722222222222221,0.0516359664366218,False,True,False,False,False,True,False,False,False,True,False,False,True,False,False,False,False,True,False,False,False,False,True,False,False,False,False,True,False,False,False,False,False,False
159,toyota corona,0.2653061224489796,0.3761194029850747,0.3416666666666677,0.4333333333333331,0.1849056603773585,0.5214285714285716,0.6095238095238096,0.125,0.0333333333333333,0.1428571428571428,0.5833333333333333,0.0690134551412541,False,True,False,False,False,False,False,False,False,False,True,False,True,False,False,False,False,True,False,False,False,False,True,False,False,False,False,False,False,True,False,False,False,False
160,toyota corolla,0.2653061224489796,0.3761194029850747,0.3416666666666677,0.4166666666666665,0.1849056603773585,0.5214285714285716,0.6095238095238096,0.125,0.0333333333333333,0.1428571428571428,0.6944444444444444,0.0662827069162405,False,True,False,False,False,False,False,False,False,True,False,False,True,False,False,False,False,True,False,False,False,False,True,False,False,False,False,False,False,True,False,False,False,False
161,toyota corona,0.2653061224489796,0.3761194029850747,0.3416666666666677,0.4333333333333331,0.139622641509434,0.4642857142857142,0.4571428571428571,0.125,0.0916666666666666,0.2653061224489796,0.6944444444444444,0.0650414577230524,False,True,False,False,False,True,False,False,False,False,True,False,True,False,False,False,False,True,False,False,False,False,True,False,False,False,False,True,False,False,False,False,False,False
162,toyota corolla,0.2653061224489796,0.3761194029850747,0.3416666666666677,0.4166666666666665,0.139622641509434,0.4642857142857142,0.4571428571428571,0.125,0.0916666666666666,0.2653061224489796,0.4166666666666666,0.0804329477185839,False,True,False,False,False,True,False,False,False,True,False,False,True,False,False,False,False,True,False,False,False,False,True,False,False,False,False,True,False,False,False,False,False,False
163,toyota mark ii,0.2653061224489796,0.3761194029850747,0.3416666666666677,0.4166666666666665,0.139622641509434,0.4642857142857142,0.4571428571428571,0.125,0.0916666666666666,0.2653061224489796,0.4166666666666666,0.1027754331959684,False,True,False,False,False,True,False,False,False,False,True,False,True,False,False,False,False,True,False,False,False,False,True,False,False,False,False,True,False,False,False,False,False,False
164,toyota corolla liftback,0.230320699708455,0.4119402985074627,0.3083333333333335,0.3999999999999999,0.139622641509434,0.4642857142857142,0.4571428571428571,0.125,0.0916666666666666,0.2653061224489796,0.4444444444444443,0.0729854525594558,False,False,True,False,False,True,False,True,False,False,True,False,False,True,False,False,False,True,False,False,False,False,True,False,False,False,False,True,False,False,False,False,False,False
165,toyota corona,0.230320699708455,0.4119402985074627,0.3083333333333335,0.3999999999999999,0.139622641509434,0.4642857142857142,0.4571428571428571,0.125,0.0916666666666666,0.2653061224489796,0.4444444444444443,0.0774539496549327,False,False,True,False,False,True,False,True,False,True,False,False,False,True,False,False,False,True,False,False,False,False,True,False,False,False,False,True,False,False,False,False,False,False
166,toyota celica gt liftback,0.230320699708455,0.4119402985074627,0.3083333333333335,0.3999999999999999,0.139622641509434,0.5000000000000002,0.480952380952381,0.15,0.2666666666666666,0.4285714285714286,0.3611111111111111,0.1037684325505188,False,False,True,False,False,True,False,True,False,False,True,False,False,True,False,False,False,False,False,False,False,False,True,False,False,False,False,False,False,False,False,True,False,False
167,toyota corolla tercel,0.230320699708455,0.4119402985074627,0.3083333333333335,0.3999999999999999,0.139622641509434,0.5000000000000002,0.480952380952381,0.15,0.2666666666666666,0.4285714285714286,0.3611111111111111,0.1097264286778213,False,False,True,False,False,True,False,True,False,True,False,False,False,True,False,False,False,False,False,False,False,False,True,False,False,False,False,False,False,False,False,True,False,False
168,toyota corona liftback,0.3440233236151608,0.5238805970149252,0.4416666666666664,0.3500000000000001,0.320754716981132,0.7714285714285716,0.680952380952381,0.14375,0.2833333333333333,0.2653061224489796,0.3055555555555555,0.0826920212501861,False,False,False,True,False,True,False,True,True,False,False,False,False,True,False,False,False,True,False,False,False,False,True,False,False,False,False,False,False,False,False,True,False,False
169,toyota corolla,0.3440233236151608,0.5238805970149252,0.4416666666666664,0.3500000000000001,0.320754716981132,0.7714285714285716,0.680952380952381,0.14375,0.2833333333333333,0.2653061224489796,0.3055555555555555,0.1122337520480611,False,False,False,True,False,True,False,True,True,False,False,False,False,True,False,False,False,True,False,False,False,False,True,False,False,False,False,False,False,False,False,True,False,False
170,toyota starlet,0.3440233236151608,0.5238805970149252,0.4416666666666664,0.3500000000000001,0.320754716981132,0.7714285714285716,0.680952380952381,0.14375,0.2833333333333333,0.2653061224489796,0.3055555555555555,0.1209224964003773,False,False,False,True,False,True,False,True,False,True,False,False,False,True,False,False,False,True,False,False,False,False,True,False,False,False,False,False,False,False,False,True,False,False
171,toyota tercel,0.3440233236151608,0.5238805970149252,0.4416666666666664,0.3500000000000001,0.320754716981132,0.7714285714285716,0.680952380952381,0.14375,0.2833333333333333,0.2653061224489796,0.3055555555555555,0.1509607268755275,False,False,False,True,False,True,False,True,True,False,False,False,False,True,False,False,False,True,False,False,False,False,True,False,False,False,False,False,False,False,False,True,False,False
172,toyota corolla,0.3440233236151608,0.5238805970149252,0.4416666666666664,0.3500000000000001,0.320754716981132,0.7714285714285716,0.680952380952381,0.14375,0.2833333333333333,0.2653061224489796,0.3055555555555555,0.1596494712278436,False,False,False,True,False,True,False,True,False,True,False,False,False,True,False,False,False,True,False,False,False,False,True,False,False,False,False,False,False,False,False,True,False,False
173,toyota cressida,0.3440233236151608,0.5238805970149252,0.4416666666666664,0.4333333333333331,0.320754716981132,0.7714285714285716,0.680952380952381,0.14375,0.2833333333333333,0.2653061224489796,0.3055555555555555,0.3115783724740579,False,False,False,True,False,True,False,True,False,False,False,False,False,True,False,False,False,True,False,False,False,False,True,False,False,False,False,False,False,False,False,True,False,False
174,toyota corolla,0.46064139941691,0.5149253731343282,0.5166666666666666,0.5916666666666663,0.230188679245283,0.55,0.7000000000000002,0.1062499999999999,0.1833333333333333,0.0204081632653061,0.4444444444444443,0.0950796881982026,True,False,False,False,False,True,False,False,False,False,True,False,True,False,False,False,False,True,False,False,False,False,True,False,False,False,False,False,False,False,False,True,False,False
175,toyota celica gt,0.46064139941691,0.5149253731343282,0.5166666666666666,0.5916666666666663,0.1849056603773585,0.5214285714285716,0.6095238095238096,0.125,0.1041666666666666,0.1428571428571428,0.4722222222222221,0.1385234099597835,True,False,False,False,False,False,True,False,False,False,True,False,True,False,False,False,False,True,False,False,False,False,True,False,False,False,False,False,False,True,False,False,False,False
176,toyota corona,0.46064139941691,0.5149253731343282,0.5166666666666666,0.5083333333333333,0.230188679245283,0.55,0.7000000000000002,0.1062499999999999,0.1833333333333333,0.0204081632653061,0.3888888888888889,0.1208976714165135,True,False,False,False,False,True,False,False,False,True,False,False,True,False,False,False,False,True,False,False,False,False,True,False,False,False,False,False,False,False,False,True,False,False
177,toyota corolla,0.46064139941691,0.5149253731343282,0.5166666666666666,0.5916666666666663,0.230188679245283,0.55,0.7000000000000002,0.1062499999999999,0.1833333333333333,0.0204081632653061,0.3888888888888889,0.1434884067325356,True,False,False,False,False,True,False,False,False,False,True,False,True,False,False,False,False,True,False,False,False,False,True,False,False,False,False,False,False,False,False,True,False,False
178,toyota mark ii,0.46064139941691,0.5149253731343282,0.5166666666666666,0.5083333333333333,0.230188679245283,0.55,0.7000000000000002,0.1062499999999999,0.1833333333333333,0.0204081632653061,0.3888888888888889,0.1521771510848518,True,False,False,False,False,True,False,False,False,True,False,False,True,False,False,False,False,True,False,False,False,False,True,False,False,False,False,False,False,False,False,True,False,False
179,toyota corolla liftback,0.4752186588921283,0.6328358208955223,0.6166666666666671,0.3500000000000001,0.4150943396226415,0.5214285714285716,0.6095238095238096,0.14375,0.4708333333333332,0.4285714285714286,0.1944444444444444,0.28399781540142,False,False,False,False,True,True,False,True,False,True,False,False,False,True,False,False,False,False,False,False,False,False,False,True,False,False,False,False,False,False,False,True,False,False
180,toyota corona,0.4752186588921283,0.6328358208955223,0.6166666666666671,0.3500000000000001,0.4150943396226415,0.5214285714285716,0.6095238095238096,0.14375,0.4708333333333332,0.4285714285714286,0.1666666666666666,0.2700958244377141,False,False,False,False,True,True,False,True,False,True,False,False,False,True,False,False,False,False,False,False,False,False,False,True,False,False,False,False,False,False,False,True,False,False
181,toyota starlet,0.5218658892128283,0.6970149253731344,0.5166666666666666,0.5249999999999999,0.4150943396226415,0.5214285714285716,0.6095238095238096,0.1374999999999999,0.45,0.4285714285714286,0.1944444444444444,0.2624497294076759,True,False,False,False,False,True,False,False,False,False,True,False,False,True,False,False,False,False,False,False,False,False,False,True,False,False,False,False,False,False,False,True,False,False
182,toyota tercel,0.5218658892128283,0.6970149253731344,0.5166666666666666,0.5249999999999999,0.3773584905660377,0.5214285714285716,0.6095238095238096,0.1374999999999999,0.45,0.4285714285714286,0.1666666666666666,0.2639392284395015,True,False,False,False,False,True,False,False,False,False,False,True,False,True,False,False,False,False,False,False,False,False,False,True,False,False,False,False,False,False,False,True,False,False
183,volkswagen rabbit,0.3119533527696791,0.4567164179104477,0.4333333333333335,0.6583333333333337,0.1358490566037736,0.3357142857142856,0.6333333333333333,0.125,0.0166666666666666,0.2653061224489796,0.6666666666666665,0.0659599821260116,False,False,False,True,False,False,False,True,False,False,True,False,True,False,False,False,False,True,False,False,False,False,True,False,False,False,False,False,False,True,False,False,False,False
184,volkswagen 1131 deluxe sedan,0.3119533527696791,0.4567164179104477,0.4333333333333335,0.6583333333333337,0.1811320754716981,0.4642857142857142,0.6333333333333333,0.125,0.1541666666666666,0.4489795918367345,0.3888888888888889,0.0709249788987637,False,False,False,True,False,True,False,True,False,False,True,False,True,False,False,False,False,True,False,False,False,False,True,False,False,False,False,False,False,False,False,True,False,False
185,volkswagen model 111,0.3119533527696791,0.4567164179104477,0.4333333333333335,0.6583333333333337,0.1358490566037736,0.3357142857142856,0.6333333333333333,0.125,0.0166666666666666,0.2653061224489796,0.6666666666666665,0.0714214785760389,False,False,False,True,False,False,False,False,False,False,True,False,True,False,False,False,False,True,False,False,False,False,True,False,False,False,False,False,False,True,False,False,False,False
186,volkswagen type 3,0.3119533527696791,0.4567164179104477,0.4333333333333335,0.6583333333333337,0.1811320754716981,0.4642857142857142,0.6333333333333333,0.125,0.1541666666666666,0.4489795918367345,0.3888888888888889,0.076386475348791,False,False,False,True,False,True,False,False,False,False,True,False,True,False,False,False,False,True,False,False,False,False,True,False,False,False,False,False,False,False,False,True,False,False
187,volkswagen 411 (sw),0.3119533527696791,0.4567164179104477,0.4333333333333335,0.6583333333333337,0.1811320754716981,0.4642857142857142,0.6333333333333333,0.125,0.1541666666666666,0.4489795918367345,0.3888888888888889,0.0838339705079191,False,False,False,True,False,True,False,False,False,False,True,False,True,False,False,False,False,True,False,False,False,False,True,False,False,False,False,False,False,False,False,True,False,False
188,volkswagen super beetle,0.3119533527696791,0.4567164179104477,0.4333333333333335,0.6583333333333337,0.1358490566037736,0.3357142857142856,0.6333333333333333,0.125,0.0833333333333333,0.1428571428571428,0.6666666666666665,0.1086589543716796,False,False,False,True,False,False,True,False,False,False,True,False,True,False,False,False,False,True,False,False,False,False,True,False,False,False,False,False,False,True,False,False,False,False
189,volkswagen dasher,0.3119533527696791,0.4567164179104477,0.4333333333333335,0.6583333333333337,0.1811320754716981,0.4642857142857142,0.6333333333333333,0.1875,0.2166666666666666,0.5510204081632655,0.3611111111111111,0.1210714463035599,False,False,False,True,False,True,False,False,False,False,True,False,True,False,False,False,False,True,False,False,False,False,True,False,False,False,False,False,False,False,False,True,False,False
190,volkswagen dasher,0.230320699708455,0.2716417910447761,0.3250000000000002,0.6499999999999999,0.1811320754716981,0.4642857142857142,0.6333333333333333,0.09375,0.175,0.5510204081632655,0.3055555555555555,0.1607914204855767,False,False,False,False,True,True,False,True,False,False,False,False,True,False,False,False,False,True,False,False,False,False,True,False,False,False,False,False,False,False,False,True,False,False
191,volkswagen rabbit,0.230320699708455,0.3671641791044773,0.3083333333333335,0.3000000000000002,0.1811320754716981,0.4642857142857142,0.6333333333333333,0.09375,0.175,0.5510204081632655,0.3055555555555555,0.1206990715456035,False,False,False,False,True,True,False,True,False,True,False,False,True,False,False,False,False,True,False,False,False,False,True,False,False,False,False,False,False,False,False,True,False,False
192,volkswagen rabbit,0.4023323615160352,0.5835820895522388,0.5500000000000007,0.6083333333333338,0.2830188679245283,0.4642857142857142,0.6333333333333333,0.09375,0.2583333333333333,0.5510204081632655,0.1666666666666666,0.2029938930539695,False,True,False,False,False,True,False,False,False,False,True,False,True,False,False,False,False,True,False,False,False,True,False,False,False,False,False,False,False,False,False,True,False,False
193,volkswagen rabbit custom,0.4023323615160352,0.5835820895522388,0.5500000000000007,0.6083333333333338,0.1358490566037736,0.3357142857142856,0.6333333333333333,0.125,0.0833333333333333,0.1428571428571428,0.5555555555555556,0.2166476341790377,False,True,False,False,False,False,True,False,False,False,True,False,True,False,False,False,False,True,False,False,False,False,True,False,False,False,False,False,False,True,False,False,False,False
194,volkswagen dasher,0.4023323615160352,0.6268656716417911,0.5500000000000007,0.6083333333333338,0.1811320754716981,0.4642857142857142,0.6333333333333333,0.125,0.1666666666666666,0.5510204081632655,0.3333333333333333,0.1780447842708902,False,True,False,False,False,True,False,False,False,False,False,True,True,False,False,False,False,True,False,False,False,False,True,False,False,False,False,False,False,False,False,True,False,False
195,volvo 145e (sw),0.5160349854227406,0.711940298507463,0.5750000000000002,0.7000000000000006,0.3018867924528302,0.8857142857142855,0.5142857142857142,0.15625,0.2749999999999999,0.5102040816326532,0.2777777777777777,0.1941810237823345,False,False,False,False,False,True,False,False,False,False,True,False,False,True,False,False,False,True,False,False,False,False,True,False,False,False,False,False,False,False,False,True,False,False
196,volvo 144ea,0.5160349854227406,0.711940298507463,0.5750000000000002,0.8083333333333331,0.3018867924528302,0.8857142857142855,0.5142857142857142,0.15625,0.2749999999999999,0.5102040816326532,0.2777777777777777,0.2059728911176208,True,False,False,False,False,True,False,False,False,False,False,True,False,True,False,False,False,True,False,False,False,False,True,False,False,False,False,False,False,False,False,True,False,False
197,volvo 244dl,0.5160349854227406,0.711940298507463,0.5750000000000002,0.7000000000000006,0.3018867924528302,0.8857142857142855,0.5142857142857142,0.15625,0.2749999999999999,0.5102040816326532,0.3055555555555555,0.2697730996474852,False,False,False,False,False,True,False,False,False,False,True,False,False,True,False,False,False,True,False,False,False,False,True,False,False,False,False,False,False,False,False,True,False,False
198,volvo 245,0.5160349854227406,0.711940298507463,0.5750000000000002,0.8083333333333331,0.3018867924528302,0.8857142857142855,0.5142857142857142,0.15625,0.2749999999999999,0.5102040816326532,0.3055555555555555,0.2829303410952783,True,False,False,False,False,True,False,False,False,False,False,True,False,True,False,False,False,True,False,False,False,False,True,False,False,False,False,False,False,False,False,True,False,False
199,volvo 264gl,0.5160349854227406,0.711940298507463,0.5750000000000002,0.7000000000000006,0.260377358490566,0.7714285714285716,0.5142857142857142,0.03125,0.475,0.3877551020408163,0.1111111111111111,0.330221935355742,False,False,False,False,False,True,True,False,False,False,True,False,False,True,False,False,False,True,False,False,False,False,True,False,False,False,False,False,False,False,False,True,False,False
200,volvo diesel,0.5160349854227406,0.711940298507463,0.5750000000000002,0.8083333333333331,0.260377358490566,0.7714285714285716,0.5142857142857142,0.03125,0.475,0.3877551020408163,0.1111111111111111,0.3433791768035351,True,False,False,False,False,True,True,False,False,False,False,True,False,True,False,False,False,True,False,False,False,False,True,False,False,False,False,False,False,False,False,True,False,False
201,volvo 145e (sw),0.6559766763848396,0.711940298507463,0.7166666666666677,0.641666666666667,0.3018867924528302,0.8857142857142855,0.5142857142857142,0.15625,0.2749999999999999,0.5102040816326532,0.2777777777777777,0.2911225857703192,True,False,False,False,False,True,False,False,False,False,True,False,False,True,False,False,False,True,False,False,False,False,True,False,False,False,False,False,False,False,False,True,False,False
202,volvo 144ea,0.6559766763848396,0.711940298507463,0.708333333333333,0.641666666666667,0.3018867924528302,0.8857142857142855,0.5142857142857142,0.1062499999999999,0.4666666666666666,0.4693877551020409,0.1666666666666666,0.3457375502705923,True,False,False,False,False,True,True,False,False,False,True,False,False,True,False,False,False,True,False,False,False,False,True,False,False,False,False,False,False,False,False,True,False,False
203,volvo 244dl,0.6559766763848396,0.711940298507463,0.7166666666666677,0.641666666666667,0.4226415094339622,0.7428571428571431,0.3809523809523811,0.1125,0.3583333333333333,0.5510204081632655,0.1388888888888889,0.4063105108981679,True,False,False,False,False,True,False,False,False,False,True,False,False,True,False,False,False,False,False,True,False,False,False,True,False,False,False,False,False,False,False,True,False,False
204,volvo 246,0.6559766763848396,0.711940298507463,0.7166666666666677,0.641666666666667,0.3169811320754717,0.3357142857142856,0.6333333333333333,0.125,0.2416666666666666,0.2653061224489796,0.3611111111111111,0.430763120003972,True,False,False,False,False,False,True,False,False,False,True,False,False,True,False,False,False,True,False,False,False,False,False,True,False,False,False,False,False,True,False,False,False,False
205,volvo 264gl,0.6559766763848396,0.711940298507463,0.7166666666666677,0.641666666666667,0.3018867924528302,0.8857142857142855,0.5142857142857142,0.15625,0.2749999999999999,0.5102040816326532,0.1666666666666666,0.4346109925028549,True,False,False,False,False,True,True,False,False,False,True,False,False,True,False,False,False,True,False,False,False,False,True,False,False,False,False,False,False,False,False,True,False,False
